url,h1,meta_title,meta_description,gsc_query,gsc_clicks,gsc_impressions,gsc_position
https://kawa-amann.pl/kategoria-produktu/kapsulki,Kapsułki do kawy wygoda i smak w każdym opakowaniu,Kapsułki do kawy – aromatyczne i świeże | Sklep online Amann,"Aromatyczne kapsułki do kawy od Amann. Kompatybilne z popularnymi ekspresami, wygodne w użyciu. Poznaj smak palarni w kapsułkowej formie!",amann kaffee,0,1,1
https://kawa-amann.pl/kategoria-produktu/kapsulki,Kapsułki do kawy wygoda i smak w każdym opakowaniu,Kapsułki do kawy – aromatyczne i świeże | Sklep online Amann,"Aromatyczne kapsułki do kawy od Amann. Kompatybilne z popularnymi ekspresami, wygodne w użyciu. Poznaj smak palarni w kapsułkowej formie!",co jest w kapsułkach do kawy,0,12,54.8
https://kawa-amann.pl/kategoria-produktu/kapsulki,Kapsułki do kawy wygoda i smak w każdym opakowaniu,Kapsułki do kawy – aromatyczne i świeże | Sklep online Amann,"Aromatyczne kapsułki do kawy od Amann. Kompatybilne z popularnymi ekspresami, wygodne w użyciu. Poznaj smak palarni w kapsułkowej formie!",ekologiczne kapsułki do kawy,0,23,25.4
https://kawa-amann.pl/kategoria-produktu/kapsulki,Kapsułki do kawy wygoda i smak w każdym opakowaniu,Kapsułki do kawy – aromatyczne i świeże | Sklep online Amann,"Aromatyczne kapsułki do kawy od Amann. Kompatybilne z popularnymi ekspresami, wygodne w użyciu. Poznaj smak palarni w kapsułkowej formie!",espresso capsules,0,2,63
https://kawa-amann.pl/kategoria-produktu/kapsulki,Kapsułki do kawy wygoda i smak w każdym opakowaniu,Kapsułki do kawy – aromatyczne i świeże | Sklep online Amann,"Aromatyczne kapsułki do kawy od Amann. Kompatybilne z popularnymi ekspresami, wygodne w użyciu. Poznaj smak palarni w kapsułkowej formie!",espresso kapsułki,0,11,53.7
https://kawa-amann.pl/kategoria-produktu/kapsulki,Kapsułki do kawy wygoda i smak w każdym opakowaniu,Kapsułki do kawy – aromatyczne i świeże | Sklep online Amann,"Aromatyczne kapsułki do kawy od Amann. Kompatybilne z popularnymi ekspresami, wygodne w użyciu. Poznaj smak palarni w kapsułkowej formie!",ile kaw można zrobić z jednej kapsułki,0,1,49
https://kawa-amann.pl/kategoria-produktu/kapsulki,Kapsułki do kawy wygoda i smak w każdym opakowaniu,Kapsułki do kawy – aromatyczne i świeże | Sklep online Amann,"Aromatyczne kapsułki do kawy od Amann. Kompatybilne z popularnymi ekspresami, wygodne w użyciu. Poznaj smak palarni w kapsułkowej formie!",jaka kawa w kapsułkach najlepsza,0,1,73
https://kawa-amann.pl/kategoria-produktu/kapsulki,Kapsułki do kawy wygoda i smak w każdym opakowaniu,Kapsułki do kawy – aromatyczne i świeże | Sklep online Amann,"Aromatyczne kapsułki do kawy od Amann. Kompatybilne z popularnymi ekspresami, wygodne w użyciu. Poznaj smak palarni w kapsułkowej formie!",kapsulki,0,1,99
https://kawa-amann.pl/kategoria-produktu/kapsulki,Kapsułki do kawy wygoda i smak w każdym opakowaniu,Kapsułki do kawy – aromatyczne i świeże | Sklep online Amann,"Aromatyczne kapsułki do kawy od Amann. Kompatybilne z popularnymi ekspresami, wygodne w użyciu. Poznaj smak palarni w kapsułkowej formie!",kapsulki do ekspresu do kawy,0,1,63
https://kawa-amann.pl/kategoria-produktu/kapsulki,Kapsułki do kawy wygoda i smak w każdym opakowaniu,Kapsułki do kawy – aromatyczne i świeże | Sklep online Amann,"Aromatyczne kapsułki do kawy od Amann. Kompatybilne z popularnymi ekspresami, wygodne w użyciu. Poznaj smak palarni w kapsułkowej formie!",kapsulki do kawy,0,7,45
https://kawa-amann.pl/kategoria-produktu/kapsulki,Kapsułki do kawy wygoda i smak w każdym opakowaniu,Kapsułki do kawy – aromatyczne i świeże | Sklep online Amann,"Aromatyczne kapsułki do kawy od Amann. Kompatybilne z popularnymi ekspresami, wygodne w użyciu. Poznaj smak palarni w kapsułkowej formie!",kapsułek,0,1,1
https://kawa-amann.pl/kategoria-produktu/kapsulki,Kapsułki do kawy wygoda i smak w każdym opakowaniu,Kapsułki do kawy – aromatyczne i świeże | Sklep online Amann,"Aromatyczne kapsułki do kawy od Amann. Kompatybilne z popularnymi ekspresami, wygodne w użyciu. Poznaj smak palarni w kapsułkowej formie!",kapsułek kawowych,0,1,63
https://kawa-amann.pl/kategoria-produktu/kapsulki,Kapsułki do kawy wygoda i smak w każdym opakowaniu,Kapsułki do kawy – aromatyczne i świeże | Sklep online Amann,"Aromatyczne kapsułki do kawy od Amann. Kompatybilne z popularnymi ekspresami, wygodne w użyciu. Poznaj smak palarni w kapsułkowej formie!",kapsułka do ekspresu wielorazowa,0,1,65
https://kawa-amann.pl/kategoria-produktu/kapsulki,Kapsułki do kawy wygoda i smak w każdym opakowaniu,Kapsułki do kawy – aromatyczne i świeże | Sklep online Amann,"Aromatyczne kapsułki do kawy od Amann. Kompatybilne z popularnymi ekspresami, wygodne w użyciu. Poznaj smak palarni w kapsułkowej formie!",kapsułka do kawy,0,71,42.2
https://kawa-amann.pl/kategoria-produktu/kapsulki,Kapsułki do kawy wygoda i smak w każdym opakowaniu,Kapsułki do kawy – aromatyczne i świeże | Sklep online Amann,"Aromatyczne kapsułki do kawy od Amann. Kompatybilne z popularnymi ekspresami, wygodne w użyciu. Poznaj smak palarni w kapsułkowej formie!",kapsułka kawa,0,4,62.8
https://kawa-amann.pl/kategoria-produktu/kapsulki,Kapsułki do kawy wygoda i smak w każdym opakowaniu,Kapsułki do kawy – aromatyczne i świeże | Sklep online Amann,"Aromatyczne kapsułki do kawy od Amann. Kompatybilne z popularnymi ekspresami, wygodne w użyciu. Poznaj smak palarni w kapsułkowej formie!",kapsułka kawowa,0,112,72.3
https://kawa-amann.pl/kategoria-produktu/kapsulki,Kapsułki do kawy wygoda i smak w każdym opakowaniu,Kapsułki do kawy – aromatyczne i świeże | Sklep online Amann,"Aromatyczne kapsułki do kawy od Amann. Kompatybilne z popularnymi ekspresami, wygodne w użyciu. Poznaj smak palarni w kapsułkowej formie!",kapsułka kawy,0,14,54.6
https://kawa-amann.pl/kategoria-produktu/kapsulki,Kapsułki do kawy wygoda i smak w każdym opakowaniu,Kapsułki do kawy – aromatyczne i świeże | Sklep online Amann,"Aromatyczne kapsułki do kawy od Amann. Kompatybilne z popularnymi ekspresami, wygodne w użyciu. Poznaj smak palarni w kapsułkowej formie!",kapsułka nespresso,0,1,82
https://kawa-amann.pl/kategoria-produktu/kapsulki,Kapsułki do kawy wygoda i smak w każdym opakowaniu,Kapsułki do kawy – aromatyczne i świeże | Sklep online Amann,"Aromatyczne kapsułki do kawy od Amann. Kompatybilne z popularnymi ekspresami, wygodne w użyciu. Poznaj smak palarni w kapsułkowej formie!",kapsułka wielokrotnego użytku,0,2,64.5
https://kawa-amann.pl/kategoria-produktu/kapsulki,Kapsułki do kawy wygoda i smak w każdym opakowaniu,Kapsułki do kawy – aromatyczne i świeże | Sklep online Amann,"Aromatyczne kapsułki do kawy od Amann. Kompatybilne z popularnymi ekspresami, wygodne w użyciu. Poznaj smak palarni w kapsułkowej formie!",kapsułka z kawą,0,13,76.7
https://kawa-amann.pl/kategoria-produktu/kapsulki,Kapsułki do kawy wygoda i smak w każdym opakowaniu,Kapsułki do kawy – aromatyczne i świeże | Sklep online Amann,"Aromatyczne kapsułki do kawy od Amann. Kompatybilne z popularnymi ekspresami, wygodne w użyciu. Poznaj smak palarni w kapsułkowej formie!",kapsułki aluminiowe,0,1,43
https://kawa-amann.pl/kategoria-produktu/kapsulki,Kapsułki do kawy wygoda i smak w każdym opakowaniu,Kapsułki do kawy – aromatyczne i świeże | Sklep online Amann,"Aromatyczne kapsułki do kawy od Amann. Kompatybilne z popularnymi ekspresami, wygodne w użyciu. Poznaj smak palarni w kapsułkowej formie!",kapsułki do ekspresu,0,3,52
https://kawa-amann.pl/kategoria-produktu/kapsulki,Kapsułki do kawy wygoda i smak w każdym opakowaniu,Kapsułki do kawy – aromatyczne i świeże | Sklep online Amann,"Aromatyczne kapsułki do kawy od Amann. Kompatybilne z popularnymi ekspresami, wygodne w użyciu. Poznaj smak palarni w kapsułkowej formie!",kapsułki do ekspresu do kawy,0,21,59.1
https://kawa-amann.pl/kategoria-produktu/kapsulki,Kapsułki do kawy wygoda i smak w każdym opakowaniu,Kapsułki do kawy – aromatyczne i świeże | Sklep online Amann,"Aromatyczne kapsułki do kawy od Amann. Kompatybilne z popularnymi ekspresami, wygodne w użyciu. Poznaj smak palarni w kapsułkowej formie!",kapsułki do ekspresów,0,20,70.8
https://kawa-amann.pl/kategoria-produktu/kapsulki,Kapsułki do kawy wygoda i smak w każdym opakowaniu,Kapsułki do kawy – aromatyczne i świeże | Sklep online Amann,"Aromatyczne kapsułki do kawy od Amann. Kompatybilne z popularnymi ekspresami, wygodne w użyciu. Poznaj smak palarni w kapsułkowej formie!",kapsułki do kawy,0,221,50.8
https://kawa-amann.pl/kategoria-produktu/kapsulki,Kapsułki do kawy wygoda i smak w każdym opakowaniu,Kapsułki do kawy – aromatyczne i świeże | Sklep online Amann,"Aromatyczne kapsułki do kawy od Amann. Kompatybilne z popularnymi ekspresami, wygodne w użyciu. Poznaj smak palarni w kapsułkowej formie!",kapsułki do kawy lungo,0,1,80
https://kawa-amann.pl/kategoria-produktu/kapsulki,Kapsułki do kawy wygoda i smak w każdym opakowaniu,Kapsułki do kawy – aromatyczne i świeże | Sklep online Amann,"Aromatyczne kapsułki do kawy od Amann. Kompatybilne z popularnymi ekspresami, wygodne w użyciu. Poznaj smak palarni w kapsułkowej formie!",kapsułki do kawy wielokrotnego użytku,0,2,37
https://kawa-amann.pl/kategoria-produktu/kapsulki,Kapsułki do kawy wygoda i smak w każdym opakowaniu,Kapsułki do kawy – aromatyczne i świeże | Sklep online Amann,"Aromatyczne kapsułki do kawy od Amann. Kompatybilne z popularnymi ekspresami, wygodne w użyciu. Poznaj smak palarni w kapsułkowej formie!",kapsułki espresso,0,28,45.5
https://kawa-amann.pl/kategoria-produktu/kapsulki,Kapsułki do kawy wygoda i smak w każdym opakowaniu,Kapsułki do kawy – aromatyczne i świeże | Sklep online Amann,"Aromatyczne kapsułki do kawy od Amann. Kompatybilne z popularnymi ekspresami, wygodne w użyciu. Poznaj smak palarni w kapsułkowej formie!",kapsułki i pady,0,2,80.5
https://kawa-amann.pl/kategoria-produktu/kapsulki,Kapsułki do kawy wygoda i smak w każdym opakowaniu,Kapsułki do kawy – aromatyczne i świeże | Sklep online Amann,"Aromatyczne kapsułki do kawy od Amann. Kompatybilne z popularnymi ekspresami, wygodne w użyciu. Poznaj smak palarni w kapsułkowej formie!",kapsułki kawa,0,87,51.7
https://kawa-amann.pl/kategoria-produktu/kapsulki,Kapsułki do kawy wygoda i smak w każdym opakowaniu,Kapsułki do kawy – aromatyczne i świeże | Sklep online Amann,"Aromatyczne kapsułki do kawy od Amann. Kompatybilne z popularnymi ekspresami, wygodne w użyciu. Poznaj smak palarni w kapsułkowej formie!",kapsułki kawowe,0,89,68.6
https://kawa-amann.pl/kategoria-produktu/kapsulki,Kapsułki do kawy wygoda i smak w każdym opakowaniu,Kapsułki do kawy – aromatyczne i świeże | Sklep online Amann,"Aromatyczne kapsułki do kawy od Amann. Kompatybilne z popularnymi ekspresami, wygodne w użyciu. Poznaj smak palarni w kapsułkowej formie!",kapsułki kawy,0,8,53.1
https://kawa-amann.pl/kategoria-produktu/kapsulki,Kapsułki do kawy wygoda i smak w każdym opakowaniu,Kapsułki do kawy – aromatyczne i świeże | Sklep online Amann,"Aromatyczne kapsułki do kawy od Amann. Kompatybilne z popularnymi ekspresami, wygodne w użyciu. Poznaj smak palarni w kapsułkowej formie!",kapsułki kawy do ekspresu,0,41,44.9
https://kawa-amann.pl/kategoria-produktu/kapsulki,Kapsułki do kawy wygoda i smak w każdym opakowaniu,Kapsułki do kawy – aromatyczne i świeże | Sklep online Amann,"Aromatyczne kapsułki do kawy od Amann. Kompatybilne z popularnymi ekspresami, wygodne w użyciu. Poznaj smak palarni w kapsułkowej formie!",kapsułki wielorazowe,0,1,72
https://kawa-amann.pl/kategoria-produktu/kapsulki,Kapsułki do kawy wygoda i smak w każdym opakowaniu,Kapsułki do kawy – aromatyczne i świeże | Sklep online Amann,"Aromatyczne kapsułki do kawy od Amann. Kompatybilne z popularnymi ekspresami, wygodne w użyciu. Poznaj smak palarni w kapsułkowej formie!",kapsułki z kawą,0,40,50.9
https://kawa-amann.pl/kategoria-produktu/kapsulki,Kapsułki do kawy wygoda i smak w każdym opakowaniu,Kapsułki do kawy – aromatyczne i świeże | Sklep online Amann,"Aromatyczne kapsułki do kawy od Amann. Kompatybilne z popularnymi ekspresami, wygodne w użyciu. Poznaj smak palarni w kapsułkowej formie!",kapsułki z kawą do ekspresu,0,9,69.6
https://kawa-amann.pl/kategoria-produktu/kapsulki,Kapsułki do kawy wygoda i smak w każdym opakowaniu,Kapsułki do kawy – aromatyczne i świeże | Sklep online Amann,"Aromatyczne kapsułki do kawy od Amann. Kompatybilne z popularnymi ekspresami, wygodne w użyciu. Poznaj smak palarni w kapsułkowej formie!",kawa do ekspresu kapsułki,0,3,44.3
https://kawa-amann.pl/kategoria-produktu/kapsulki,Kapsułki do kawy wygoda i smak w każdym opakowaniu,Kapsułki do kawy – aromatyczne i świeże | Sklep online Amann,"Aromatyczne kapsułki do kawy od Amann. Kompatybilne z popularnymi ekspresami, wygodne w użyciu. Poznaj smak palarni w kapsułkowej formie!",kawa kapsułki,0,68,55.4
https://kawa-amann.pl/kategoria-produktu/kapsulki,Kapsułki do kawy wygoda i smak w każdym opakowaniu,Kapsułki do kawy – aromatyczne i świeże | Sklep online Amann,"Aromatyczne kapsułki do kawy od Amann. Kompatybilne z popularnymi ekspresami, wygodne w użyciu. Poznaj smak palarni w kapsułkowej formie!",kawa kapsułki sklep,0,7,44.6
https://kawa-amann.pl/kategoria-produktu/kapsulki,Kapsułki do kawy wygoda i smak w każdym opakowaniu,Kapsułki do kawy – aromatyczne i świeże | Sklep online Amann,"Aromatyczne kapsułki do kawy od Amann. Kompatybilne z popularnymi ekspresami, wygodne w użyciu. Poznaj smak palarni w kapsułkowej formie!",kawa kapsułki sklep internetowy,0,12,30.4
https://kawa-amann.pl/kategoria-produktu/kapsulki,Kapsułki do kawy wygoda i smak w każdym opakowaniu,Kapsułki do kawy – aromatyczne i świeże | Sklep online Amann,"Aromatyczne kapsułki do kawy od Amann. Kompatybilne z popularnymi ekspresami, wygodne w użyciu. Poznaj smak palarni w kapsułkowej formie!",kawa na kapsułki,0,21,78.5
https://kawa-amann.pl/kategoria-produktu/kapsulki,Kapsułki do kawy wygoda i smak w każdym opakowaniu,Kapsułki do kawy – aromatyczne i świeże | Sklep online Amann,"Aromatyczne kapsułki do kawy od Amann. Kompatybilne z popularnymi ekspresami, wygodne w użyciu. Poznaj smak palarni w kapsułkowej formie!",kawa w kapsulkach do ekspresu,0,3,64
https://kawa-amann.pl/kategoria-produktu/kapsulki,Kapsułki do kawy wygoda i smak w każdym opakowaniu,Kapsułki do kawy – aromatyczne i świeże | Sklep online Amann,"Aromatyczne kapsułki do kawy od Amann. Kompatybilne z popularnymi ekspresami, wygodne w użyciu. Poznaj smak palarni w kapsułkowej formie!",kawa w kapsułkach,0,2,70
https://kawa-amann.pl/kategoria-produktu/kapsulki,Kapsułki do kawy wygoda i smak w każdym opakowaniu,Kapsułki do kawy – aromatyczne i świeże | Sklep online Amann,"Aromatyczne kapsułki do kawy od Amann. Kompatybilne z popularnymi ekspresami, wygodne w użyciu. Poznaj smak palarni w kapsułkowej formie!",kawa w kapsułkach do ekspresu,0,12,79.1
https://kawa-amann.pl/kategoria-produktu/kapsulki,Kapsułki do kawy wygoda i smak w każdym opakowaniu,Kapsułki do kawy – aromatyczne i świeże | Sklep online Amann,"Aromatyczne kapsułki do kawy od Amann. Kompatybilne z popularnymi ekspresami, wygodne w użyciu. Poznaj smak palarni w kapsułkowej formie!",kawa z kapsułek,0,16,70.6
https://kawa-amann.pl/kategoria-produktu/kapsulki,Kapsułki do kawy wygoda i smak w każdym opakowaniu,Kapsułki do kawy – aromatyczne i świeże | Sklep online Amann,"Aromatyczne kapsułki do kawy od Amann. Kompatybilne z popularnymi ekspresami, wygodne w użyciu. Poznaj smak palarni w kapsułkowej formie!",kawy kapsułki,0,2,43
https://kawa-amann.pl/kategoria-produktu/kapsulki,Kapsułki do kawy wygoda i smak w każdym opakowaniu,Kapsułki do kawy – aromatyczne i świeże | Sklep online Amann,"Aromatyczne kapsułki do kawy od Amann. Kompatybilne z popularnymi ekspresami, wygodne w użyciu. Poznaj smak palarni w kapsułkowej formie!",kawy w kapsułkach,0,32,81.8
https://kawa-amann.pl/kategoria-produktu/kapsulki,Kapsułki do kawy wygoda i smak w każdym opakowaniu,Kapsułki do kawy – aromatyczne i świeże | Sklep online Amann,"Aromatyczne kapsułki do kawy od Amann. Kompatybilne z popularnymi ekspresami, wygodne w użyciu. Poznaj smak palarni w kapsułkowej formie!",kawę w kapsułkach,0,100,87.0
https://kawa-amann.pl/kategoria-produktu/kapsulki,Kapsułki do kawy wygoda i smak w każdym opakowaniu,Kapsułki do kawy – aromatyczne i świeże | Sklep online Amann,"Aromatyczne kapsułki do kawy od Amann. Kompatybilne z popularnymi ekspresami, wygodne w użyciu. Poznaj smak palarni w kapsułkowej formie!",która kawa w kapsułkach najlepsza,0,44,43.6
https://kawa-amann.pl/kategoria-produktu/kapsulki,Kapsułki do kawy wygoda i smak w każdym opakowaniu,Kapsułki do kawy – aromatyczne i świeże | Sklep online Amann,"Aromatyczne kapsułki do kawy od Amann. Kompatybilne z popularnymi ekspresami, wygodne w użyciu. Poznaj smak palarni w kapsułkowej formie!",które kapsułki do kawy są najlepsze,0,1,38
https://kawa-amann.pl/kategoria-produktu/kapsulki-do-systemu-nespresso,Kapsułki do systemu Nespresso do ekspresów Krups i De’Longhi,Kapsułki do systemu Nespresso – do ekspresów Krups i De’Longhi,"Odkryj kapsułki do systemu Nespresso kompatybilne z ekspresami Krups i De’Longhi. Wyjątkowy smak, doskonałe dopasowanie i szeroki wybór mieszanek od Amann Kaffee",jakie kapsułki do ekspresu krups,0,2,55
https://kawa-amann.pl/kategoria-produktu/kapsulki-do-systemu-nespresso,Kapsułki do systemu Nespresso do ekspresów Krups i De’Longhi,Kapsułki do systemu Nespresso – do ekspresów Krups i De’Longhi,"Odkryj kapsułki do systemu Nespresso kompatybilne z ekspresami Krups i De’Longhi. Wyjątkowy smak, doskonałe dopasowanie i szeroki wybór mieszanek od Amann Kaffee",kapsułki do krups,0,2,78
https://kawa-amann.pl/kategoria-produktu/kapsulki-do-systemu-nespresso,Kapsułki do systemu Nespresso do ekspresów Krups i De’Longhi,Kapsułki do systemu Nespresso – do ekspresów Krups i De’Longhi,"Odkryj kapsułki do systemu Nespresso kompatybilne z ekspresami Krups i De’Longhi. Wyjątkowy smak, doskonałe dopasowanie i szeroki wybór mieszanek od Amann Kaffee",kapsułki krups zamiennik,0,1,8
https://kawa-amann.pl/kategoria-produktu/kapsulki-do-systemu-nespresso,Kapsułki do systemu Nespresso do ekspresów Krups i De’Longhi,Kapsułki do systemu Nespresso – do ekspresów Krups i De’Longhi,"Odkryj kapsułki do systemu Nespresso kompatybilne z ekspresami Krups i De’Longhi. Wyjątkowy smak, doskonałe dopasowanie i szeroki wybór mieszanek od Amann Kaffee",nespresso krups kapsułki zamienniki,0,2,15
https://kawa-amann.pl/kategoria-produktu/kapsulki-do-systemu-nespresso,Kapsułki do systemu Nespresso do ekspresów Krups i De’Longhi,Kapsułki do systemu Nespresso – do ekspresów Krups i De’Longhi,"Odkryj kapsułki do systemu Nespresso kompatybilne z ekspresami Krups i De’Longhi. Wyjątkowy smak, doskonałe dopasowanie i szeroki wybór mieszanek od Amann Kaffee",nespresso zamienniki,0,10,32.8
https://kawa-amann.pl/kategoria-produktu/kapsulki-do-systemu-nespresso,Kapsułki do systemu Nespresso do ekspresów Krups i De’Longhi,Kapsułki do systemu Nespresso – do ekspresów Krups i De’Longhi,"Odkryj kapsułki do systemu Nespresso kompatybilne z ekspresami Krups i De’Longhi. Wyjątkowy smak, doskonałe dopasowanie i szeroki wybór mieszanek od Amann Kaffee",zamienniki nespresso,0,6,34.5
https://kawa-amann.pl/kategoria-produktu/kapsulki-kompostowalne-i-eko-kapsulki-do-kawy,Kapsułki kompostowalne i eko kapsułki do kawy smak bez kompromisów dla środowiska,Kapsułki kompostowalne i eko kapsułki do kawy | Amann Kaffee,"Odkryj kapsułki kompostowalne i eko kapsułki do kawy kompatybilne z ekspresami Nespresso. Przyjazne środowisku, bez aluminium, idealne do domowych kompostowników.",aluminiowe kapsułki,0,69,75.6
https://kawa-amann.pl/kategoria-produktu/kapsulki-kompostowalne-i-eko-kapsulki-do-kawy,Kapsułki kompostowalne i eko kapsułki do kawy smak bez kompromisów dla środowiska,Kapsułki kompostowalne i eko kapsułki do kawy | Amann Kaffee,"Odkryj kapsułki kompostowalne i eko kapsułki do kawy kompatybilne z ekspresami Nespresso. Przyjazne środowisku, bez aluminium, idealne do domowych kompostowników.",eko kapsulki,0,17,9.4
https://kawa-amann.pl/kategoria-produktu/kapsulki-kompostowalne-i-eko-kapsulki-do-kawy,Kapsułki kompostowalne i eko kapsułki do kawy smak bez kompromisów dla środowiska,Kapsułki kompostowalne i eko kapsułki do kawy | Amann Kaffee,"Odkryj kapsułki kompostowalne i eko kapsułki do kawy kompatybilne z ekspresami Nespresso. Przyjazne środowisku, bez aluminium, idealne do domowych kompostowników.",ekologiczne kapsułki do kawy,0,38,13.4
https://kawa-amann.pl/kategoria-produktu/kapsulki-kompostowalne-i-eko-kapsulki-do-kawy,Kapsułki kompostowalne i eko kapsułki do kawy smak bez kompromisów dla środowiska,Kapsułki kompostowalne i eko kapsułki do kawy | Amann Kaffee,"Odkryj kapsułki kompostowalne i eko kapsułki do kawy kompatybilne z ekspresami Nespresso. Przyjazne środowisku, bez aluminium, idealne do domowych kompostowników.",kapsułek aluminiowych,0,68,46.7
https://kawa-amann.pl/kategoria-produktu/kapsulki-kompostowalne-i-eko-kapsulki-do-kawy,Kapsułki kompostowalne i eko kapsułki do kawy smak bez kompromisów dla środowiska,Kapsułki kompostowalne i eko kapsułki do kawy | Amann Kaffee,"Odkryj kapsułki kompostowalne i eko kapsułki do kawy kompatybilne z ekspresami Nespresso. Przyjazne środowisku, bez aluminium, idealne do domowych kompostowników.",kapsułkach aluminiowych,0,18,92.6
https://kawa-amann.pl/kategoria-produktu/kapsulki-kompostowalne-i-eko-kapsulki-do-kawy,Kapsułki kompostowalne i eko kapsułki do kawy smak bez kompromisów dla środowiska,Kapsułki kompostowalne i eko kapsułki do kawy | Amann Kaffee,"Odkryj kapsułki kompostowalne i eko kapsułki do kawy kompatybilne z ekspresami Nespresso. Przyjazne środowisku, bez aluminium, idealne do domowych kompostowników.",kapsułki aluminiowe,0,79,69.1
https://kawa-amann.pl/kategoria-produktu/kapsulki-kompostowalne-i-eko-kapsulki-do-kawy,Kapsułki kompostowalne i eko kapsułki do kawy smak bez kompromisów dla środowiska,Kapsułki kompostowalne i eko kapsułki do kawy | Amann Kaffee,"Odkryj kapsułki kompostowalne i eko kapsułki do kawy kompatybilne z ekspresami Nespresso. Przyjazne środowisku, bez aluminium, idealne do domowych kompostowników.",rozwiązania jednoporcjowe - single serve do biura,0,1,1
https://kawa-amann.pl/kategoria-produktu/kawa-austraicka,Kawa austriacka oryginalny smak prosto z Alp,Kawa austriacka – oryginalny smak Wiednia dla każdego | Amann Kaffee,Poznaj smak austriackiej kawy! Odkryj oryginalne mieszanki prosto z palarni. Zamów w sklepie online Amann Kaffee i poczuj klimat prawdziwej wiedeńskiej kawiarni.,kawa austriacka,2,219,2.3
https://kawa-amann.pl/kategoria-produktu/kawa-austraicka,Kawa austriacka oryginalny smak prosto z Alp,Kawa austriacka – oryginalny smak Wiednia dla każdego | Amann Kaffee,Poznaj smak austriackiej kawy! Odkryj oryginalne mieszanki prosto z palarni. Zamów w sklepie online Amann Kaffee i poczuj klimat prawdziwej wiedeńskiej kawiarni.,amann kaffee,1,7,1
https://kawa-amann.pl/kategoria-produktu/kawa-austraicka,Kawa austriacka oryginalny smak prosto z Alp,Kawa austriacka – oryginalny smak Wiednia dla każdego | Amann Kaffee,Poznaj smak austriackiej kawy! Odkryj oryginalne mieszanki prosto z palarni. Zamów w sklepie online Amann Kaffee i poczuj klimat prawdziwej wiedeńskiej kawiarni.,austriacka kawa,1,109,3.0
https://kawa-amann.pl/kategoria-produktu/kawa-austraicka,Kawa austriacka oryginalny smak prosto z Alp,Kawa austriacka – oryginalny smak Wiednia dla każdego | Amann Kaffee,Poznaj smak austriackiej kawy! Odkryj oryginalne mieszanki prosto z palarni. Zamów w sklepie online Amann Kaffee i poczuj klimat prawdziwej wiedeńskiej kawiarni.,kawa z austrii,1,103,2.3
https://kawa-amann.pl/kategoria-produktu/kawa-austraicka,Kawa austriacka oryginalny smak prosto z Alp,Kawa austriacka – oryginalny smak Wiednia dla każdego | Amann Kaffee,Poznaj smak austriackiej kawy! Odkryj oryginalne mieszanki prosto z palarni. Zamów w sklepie online Amann Kaffee i poczuj klimat prawdziwej wiedeńskiej kawiarni.,austriacka kawa ziarnista,0,2,11
https://kawa-amann.pl/kategoria-produktu/kawa-austraicka,Kawa austriacka oryginalny smak prosto z Alp,Kawa austriacka – oryginalny smak Wiednia dla każdego | Amann Kaffee,Poznaj smak austriackiej kawy! Odkryj oryginalne mieszanki prosto z palarni. Zamów w sklepie online Amann Kaffee i poczuj klimat prawdziwej wiedeńskiej kawiarni.,dobrą kawa z austrii,0,9,1.9
https://kawa-amann.pl/kategoria-produktu/kawa-austraicka,Kawa austriacka oryginalny smak prosto z Alp,Kawa austriacka – oryginalny smak Wiednia dla każdego | Amann Kaffee,Poznaj smak austriackiej kawy! Odkryj oryginalne mieszanki prosto z palarni. Zamów w sklepie online Amann Kaffee i poczuj klimat prawdziwej wiedeńskiej kawiarni.,gwatemalia,0,2,11.5
https://kawa-amann.pl/kategoria-produktu/kawa-austraicka,Kawa austriacka oryginalny smak prosto z Alp,Kawa austriacka – oryginalny smak Wiednia dla każdego | Amann Kaffee,Poznaj smak austriackiej kawy! Odkryj oryginalne mieszanki prosto z palarni. Zamów w sklepie online Amann Kaffee i poczuj klimat prawdziwej wiedeńskiej kawiarni.,kawa,0,1,1
https://kawa-amann.pl/kategoria-produktu/kawa-austraicka,Kawa austriacka oryginalny smak prosto z Alp,Kawa austriacka – oryginalny smak Wiednia dla każdego | Amann Kaffee,Poznaj smak austriackiej kawy! Odkryj oryginalne mieszanki prosto z palarni. Zamów w sklepie online Amann Kaffee i poczuj klimat prawdziwej wiedeńskiej kawiarni.,kawa austria,0,33,6.3
https://kawa-amann.pl/kategoria-produktu/kawa-austraicka,Kawa austriacka oryginalny smak prosto z Alp,Kawa austriacka – oryginalny smak Wiednia dla każdego | Amann Kaffee,Poznaj smak austriackiej kawy! Odkryj oryginalne mieszanki prosto z palarni. Zamów w sklepie online Amann Kaffee i poczuj klimat prawdziwej wiedeńskiej kawiarni.,kawa ipanema,0,1,19
https://kawa-amann.pl/kategoria-produktu/kawa-austraicka,Kawa austriacka oryginalny smak prosto z Alp,Kawa austriacka – oryginalny smak Wiednia dla każdego | Amann Kaffee,Poznaj smak austriackiej kawy! Odkryj oryginalne mieszanki prosto z palarni. Zamów w sklepie online Amann Kaffee i poczuj klimat prawdziwej wiedeńskiej kawiarni.,kawa wiedeńska,0,4,83
https://kawa-amann.pl/kategoria-produktu/kawa-austraicka,Kawa austriacka oryginalny smak prosto z Alp,Kawa austriacka – oryginalny smak Wiednia dla każdego | Amann Kaffee,Poznaj smak austriackiej kawy! Odkryj oryginalne mieszanki prosto z palarni. Zamów w sklepie online Amann Kaffee i poczuj klimat prawdziwej wiedeńskiej kawiarni.,kawa z australii,0,2,88
https://kawa-amann.pl/kategoria-produktu/kawa-austraicka,Kawa austriacka oryginalny smak prosto z Alp,Kawa austriacka – oryginalny smak Wiednia dla każdego | Amann Kaffee,Poznaj smak austriackiej kawy! Odkryj oryginalne mieszanki prosto z palarni. Zamów w sklepie online Amann Kaffee i poczuj klimat prawdziwej wiedeńskiej kawiarni.,kawa z wiednia,0,23,10.3
https://kawa-amann.pl/kategoria-produktu/kawa-austraicka,Kawa austriacka oryginalny smak prosto z Alp,Kawa austriacka – oryginalny smak Wiednia dla każdego | Amann Kaffee,Poznaj smak austriackiej kawy! Odkryj oryginalne mieszanki prosto z palarni. Zamów w sklepie online Amann Kaffee i poczuj klimat prawdziwej wiedeńskiej kawiarni.,wiedeńska kawa,0,6,43.5
https://kawa-amann.pl/kategoria-produktu/kawa-ekologiczna,Kawa ekologiczna naturalny smak i najwyższa jakość,Kawa ekologiczna – naturalny smak i najwyższa jakość,"Poznaj smak prawdziwej kawy ekologicznej. Wybierz świeżo paloną, naturalną kawę ziarnistą z certyfikowanych upraw od Amann Kaffee.",,0,0,
https://kawa-amann.pl/kategoria-produktu/kawa-fair-trade,Kawa fair trade etyczny wybór i wyjątkowy smak,Kawa fair trade – etyczny wybór i wyjątkowy smak,Poznaj smak prawdziwej kawy fair trade. Wybierz etycznie pozyskaną kawę ziarnistą z certyfikatem Fairtrade od Amann Kaffee.,,0,0,
https://kawa-amann.pl/kategoria-produktu/kawa-srednio-palona,Kawa średnio palona idealny balans smaku i aromatu,Kawa średnio palona – idealny balans smaku | Amann Kaffee,Poznaj wyjątkowy smak kawy średnio palonej. Ziarna o idealnym stopniu wypalenia od Amann Kaffee zachwycają aromatem i harmonią smaku. Sprawdź ofertę!,kawa ziarnista średnio palona,0,4,30.5
https://kawa-amann.pl/kategoria-produktu/kawa-srednio-palona,Kawa średnio palona idealny balans smaku i aromatu,Kawa średnio palona – idealny balans smaku | Amann Kaffee,Poznaj wyjątkowy smak kawy średnio palonej. Ziarna o idealnym stopniu wypalenia od Amann Kaffee zachwycają aromatem i harmonią smaku. Sprawdź ofertę!,kawa średnio palona,0,7,26.9
https://kawa-amann.pl/kategoria-produktu/kawa-ziarnista-arabika,"Kawa ziarnista Arabika smak, który zachwyca",Kawa ziarnista Arabika – świeżo palona od Amann Kaffee,Odkryj smak prawdziwej kawy ziarnistej Arabika. Wybierz najlepszą świeżo paloną 100% arabicę od Amann Kaffee. Sprawdź ofertę i atrakcyjne ceny!,,0,0,
https://kawa-amann.pl/kategoria-produktu/kawy-ziarniste,Kawa ziarnista poznaj naszą kolekcję,Kawa ziarnista – świeżo palona do ekspresu | Amann Kaffee,"Poznaj świeżo paloną kawę ziarnistą z palarni Amann. Idealna do ekspresów. Wybierz najlepszą kawę w ziarnach – intensywny smak, aromat i jakość.",amann kaffee,0,11,1
https://kawa-amann.pl/kategoria-produktu/kawy-ziarniste,Kawa ziarnista poznaj naszą kolekcję,Kawa ziarnista – świeżo palona do ekspresu | Amann Kaffee,"Poznaj świeżo paloną kawę ziarnistą z palarni Amann. Idealna do ekspresów. Wybierz najlepszą kawę w ziarnach – intensywny smak, aromat i jakość.",kawa w ziarnach do ekspresu,0,1,68
https://kawa-amann.pl/kategoria-produktu/kawy-ziarniste,Kawa ziarnista poznaj naszą kolekcję,Kawa ziarnista – świeżo palona do ekspresu | Amann Kaffee,"Poznaj świeżo paloną kawę ziarnistą z palarni Amann. Idealna do ekspresów. Wybierz najlepszą kawę w ziarnach – intensywny smak, aromat i jakość.",kawy ziarniste do ekspresu,0,17,73.2
https://kawa-amann.pl/kategoria-produktu/kawy-ziarniste,Kawa ziarnista poznaj naszą kolekcję,Kawa ziarnista – świeżo palona do ekspresu | Amann Kaffee,"Poznaj świeżo paloną kawę ziarnistą z palarni Amann. Idealna do ekspresów. Wybierz najlepszą kawę w ziarnach – intensywny smak, aromat i jakość.",pyszna kawa ziarnista,0,1,50
https://kawa-amann.pl/kategoria-produktu/kawy-ziarniste/klasyk,"Kawa klasyczna smak, który nigdy nie wychodzi z mody",Kawa klasyczna – tradycyjny smak i jakość | Amann Kaffee,Kawa klasyczna z rzemieślniczej palarni Amann – klasyczne smaki kaw w Twojej filiżance. Zamów online i ciesz się codzienną jakością bez kompromisów.,amann kaffee,0,9,1
https://kawa-amann.pl/kategoria-produktu/kawy-ziarniste/premium,Kawa premium doskonałość smaku dla wymagających,Kawa premium – luksusowa kawa ziarnista | Amann Kaffee,Kawa premium z rzemieślniczej palarni Amann – luksusowe kompozycje ziaren dla smakoszy i koneserów. Zamów online i poczuj różnicę już po pierwszej filiżance!,amann kaffee,0,9,1
https://kawa-amann.pl/kategoria-produktu/kawy-ziarniste/premium,Kawa premium doskonałość smaku dla wymagających,Kawa premium – luksusowa kawa ziarnista | Amann Kaffee,Kawa premium z rzemieślniczej palarni Amann – luksusowe kompozycje ziaren dla smakoszy i koneserów. Zamów online i poczuj różnicę już po pierwszej filiżance!,kawa ekskluzywna,0,2,61.5
https://kawa-amann.pl/kategoria-produktu/kawy-ziarniste/premium,Kawa premium doskonałość smaku dla wymagających,Kawa premium – luksusowa kawa ziarnista | Amann Kaffee,Kawa premium z rzemieślniczej palarni Amann – luksusowe kompozycje ziaren dla smakoszy i koneserów. Zamów online i poczuj różnicę już po pierwszej filiżance!,kawa luksusowa,0,5,41.6
https://kawa-amann.pl/kategoria-produktu/kawy-ziarniste/premium,Kawa premium doskonałość smaku dla wymagających,Kawa premium – luksusowa kawa ziarnista | Amann Kaffee,Kawa premium z rzemieślniczej palarni Amann – luksusowe kompozycje ziaren dla smakoszy i koneserów. Zamów online i poczuj różnicę już po pierwszej filiżance!,kawy luksusowe,0,4,31.8
https://kawa-amann.pl/kategoria-produktu/kawy-ziarniste/premium,Kawa premium doskonałość smaku dla wymagających,Kawa premium – luksusowa kawa ziarnista | Amann Kaffee,Kawa premium z rzemieślniczej palarni Amann – luksusowe kompozycje ziaren dla smakoszy i koneserów. Zamów online i poczuj różnicę już po pierwszej filiżance!,kawy premium,0,12,34.4
https://kawa-amann.pl/kategoria-produktu/kawy-ziarniste/speciality,Kawa speciality najwyższy poziom jakości i smaku,Kawa speciality – sklep z kawą ziarnistą najwyższej jakości,"Poznaj naszą ofertę kawy speciality – świeżo palonej, ziarnistej, single origin. Sklep online Amann to jakość, smak i ziarna z najlepszych palarni!",amann kaffee,0,7,1
https://kawa-amann.pl/kategoria-produktu/kawy-ziarniste/speciality,Kawa speciality najwyższy poziom jakości i smaku,Kawa speciality – sklep z kawą ziarnistą najwyższej jakości,"Poznaj naszą ofertę kawy speciality – świeżo palonej, ziarnistej, single origin. Sklep online Amann to jakość, smak i ziarna z najlepszych palarni!",coffee speciality,0,10,92.6
https://kawa-amann.pl/kategoria-produktu/kawy-ziarniste/speciality,Kawa speciality najwyższy poziom jakości i smaku,Kawa speciality – sklep z kawą ziarnistą najwyższej jakości,"Poznaj naszą ofertę kawy speciality – świeżo palonej, ziarnistej, single origin. Sklep online Amann to jakość, smak i ziarna z najlepszych palarni!",gwatemalia,0,1,10
https://kawa-amann.pl/kategoria-produktu/kawy-ziarniste/speciality,Kawa speciality najwyższy poziom jakości i smaku,Kawa speciality – sklep z kawą ziarnistą najwyższej jakości,"Poznaj naszą ofertę kawy speciality – świeżo palonej, ziarnistej, single origin. Sklep online Amann to jakość, smak i ziarna z najlepszych palarni!",kawa jakosci speciality,0,87,41.7
https://kawa-amann.pl/kategoria-produktu/kawy-ziarniste/speciality,Kawa speciality najwyższy poziom jakości i smaku,Kawa speciality – sklep z kawą ziarnistą najwyższej jakości,"Poznaj naszą ofertę kawy speciality – świeżo palonej, ziarnistej, single origin. Sklep online Amann to jakość, smak i ziarna z najlepszych palarni!",kawa speciality,0,174,76.1
https://kawa-amann.pl/kategoria-produktu/kawy-ziarniste/speciality,Kawa speciality najwyższy poziom jakości i smaku,Kawa speciality – sklep z kawą ziarnistą najwyższej jakości,"Poznaj naszą ofertę kawy speciality – świeżo palonej, ziarnistej, single origin. Sklep online Amann to jakość, smak i ziarna z najlepszych palarni!",kawa speciality co to,0,1,54
https://kawa-amann.pl/kategoria-produktu/kawy-ziarniste/speciality,Kawa speciality najwyższy poziom jakości i smaku,Kawa speciality – sklep z kawą ziarnistą najwyższej jakości,"Poznaj naszą ofertę kawy speciality – świeżo palonej, ziarnistej, single origin. Sklep online Amann to jakość, smak i ziarna z najlepszych palarni!",kawa speciality do ekspresu,0,2,57
https://kawa-amann.pl/kategoria-produktu/kawy-ziarniste/speciality,Kawa speciality najwyższy poziom jakości i smaku,Kawa speciality – sklep z kawą ziarnistą najwyższej jakości,"Poznaj naszą ofertę kawy speciality – świeżo palonej, ziarnistej, single origin. Sklep online Amann to jakość, smak i ziarna z najlepszych palarni!",kawa speciality online,0,5,30
https://kawa-amann.pl/kategoria-produktu/kawy-ziarniste/speciality,Kawa speciality najwyższy poziom jakości i smaku,Kawa speciality – sklep z kawą ziarnistą najwyższej jakości,"Poznaj naszą ofertę kawy speciality – świeżo palonej, ziarnistej, single origin. Sklep online Amann to jakość, smak i ziarna z najlepszych palarni!",kawa speciality poznań,0,3,81.7
https://kawa-amann.pl/kategoria-produktu/kawy-ziarniste/speciality,Kawa speciality najwyższy poziom jakości i smaku,Kawa speciality – sklep z kawą ziarnistą najwyższej jakości,"Poznaj naszą ofertę kawy speciality – świeżo palonej, ziarnistej, single origin. Sklep online Amann to jakość, smak i ziarna z najlepszych palarni!",kawa speciality sklep,0,239,31.0
https://kawa-amann.pl/kategoria-produktu/kawy-ziarniste/speciality,Kawa speciality najwyższy poziom jakości i smaku,Kawa speciality – sklep z kawą ziarnistą najwyższej jakości,"Poznaj naszą ofertę kawy speciality – świeżo palonej, ziarnistej, single origin. Sklep online Amann to jakość, smak i ziarna z najlepszych palarni!",kawa specialty,0,142,87.0
https://kawa-amann.pl/kategoria-produktu/kawy-ziarniste/speciality,Kawa speciality najwyższy poziom jakości i smaku,Kawa speciality – sklep z kawą ziarnistą najwyższej jakości,"Poznaj naszą ofertę kawy speciality – świeżo palonej, ziarnistej, single origin. Sklep online Amann to jakość, smak i ziarna z najlepszych palarni!",kawa specialty dla firm,0,3,30
https://kawa-amann.pl/kategoria-produktu/kawy-ziarniste/speciality,Kawa speciality najwyższy poziom jakości i smaku,Kawa speciality – sklep z kawą ziarnistą najwyższej jakości,"Poznaj naszą ofertę kawy speciality – świeżo palonej, ziarnistej, single origin. Sklep online Amann to jakość, smak i ziarna z najlepszych palarni!",kawa wysokiej jakości,0,101,39.9
https://kawa-amann.pl/kategoria-produktu/kawy-ziarniste/speciality,Kawa speciality najwyższy poziom jakości i smaku,Kawa speciality – sklep z kawą ziarnistą najwyższej jakości,"Poznaj naszą ofertę kawy speciality – świeżo palonej, ziarnistej, single origin. Sklep online Amann to jakość, smak i ziarna z najlepszych palarni!",kawa ziarnista speciality,0,159,32.8
https://kawa-amann.pl/kategoria-produktu/kawy-ziarniste/speciality,Kawa speciality najwyższy poziom jakości i smaku,Kawa speciality – sklep z kawą ziarnistą najwyższej jakości,"Poznaj naszą ofertę kawy speciality – świeżo palonej, ziarnistej, single origin. Sklep online Amann to jakość, smak i ziarna z najlepszych palarni!",kawa ziarnista specialty,0,18,31.2
https://kawa-amann.pl/kategoria-produktu/kawy-ziarniste/speciality,Kawa speciality najwyższy poziom jakości i smaku,Kawa speciality – sklep z kawą ziarnistą najwyższej jakości,"Poznaj naszą ofertę kawy speciality – świeżo palonej, ziarnistej, single origin. Sklep online Amann to jakość, smak i ziarna z najlepszych palarni!",kawiarnia speciality,0,1,94
https://kawa-amann.pl/kategoria-produktu/kawy-ziarniste/speciality,Kawa speciality najwyższy poziom jakości i smaku,Kawa speciality – sklep z kawą ziarnistą najwyższej jakości,"Poznaj naszą ofertę kawy speciality – świeżo palonej, ziarnistej, single origin. Sklep online Amann to jakość, smak i ziarna z najlepszych palarni!",kawy speciality,0,234,57.4
https://kawa-amann.pl/kategoria-produktu/kawy-ziarniste/speciality,Kawa speciality najwyższy poziom jakości i smaku,Kawa speciality – sklep z kawą ziarnistą najwyższej jakości,"Poznaj naszą ofertę kawy speciality – świeżo palonej, ziarnistej, single origin. Sklep online Amann to jakość, smak i ziarna z najlepszych palarni!",kawy specialty,0,25,74.6
https://kawa-amann.pl/kategoria-produktu/kawy-ziarniste/speciality,Kawa speciality najwyższy poziom jakości i smaku,Kawa speciality – sklep z kawą ziarnistą najwyższej jakości,"Poznaj naszą ofertę kawy speciality – świeżo palonej, ziarnistej, single origin. Sklep online Amann to jakość, smak i ziarna z najlepszych palarni!",najlepsza kawa speciality,0,88,27.6
https://kawa-amann.pl/kategoria-produktu/kawy-ziarniste/speciality,Kawa speciality najwyższy poziom jakości i smaku,Kawa speciality – sklep z kawą ziarnistą najwyższej jakości,"Poznaj naszą ofertę kawy speciality – świeżo palonej, ziarnistej, single origin. Sklep online Amann to jakość, smak i ziarna z najlepszych palarni!",palarnia kaw specialty,0,14,83.8
https://kawa-amann.pl/kategoria-produktu/kawy-ziarniste/speciality,Kawa speciality najwyższy poziom jakości i smaku,Kawa speciality – sklep z kawą ziarnistą najwyższej jakości,"Poznaj naszą ofertę kawy speciality – świeżo palonej, ziarnistej, single origin. Sklep online Amann to jakość, smak i ziarna z najlepszych palarni!",palarnia kawy speciality,0,15,88.5
https://kawa-amann.pl/kategoria-produktu/kawy-ziarniste/speciality,Kawa speciality najwyższy poziom jakości i smaku,Kawa speciality – sklep z kawą ziarnistą najwyższej jakości,"Poznaj naszą ofertę kawy speciality – świeżo palonej, ziarnistej, single origin. Sklep online Amann to jakość, smak i ziarna z najlepszych palarni!",sklep z kawa speciality,0,88,32.9
https://kawa-amann.pl/kategoria-produktu/kawy-ziarniste/speciality,Kawa speciality najwyższy poziom jakości i smaku,Kawa speciality – sklep z kawą ziarnistą najwyższej jakości,"Poznaj naszą ofertę kawy speciality – świeżo palonej, ziarnistej, single origin. Sklep online Amann to jakość, smak i ziarna z najlepszych palarni!",speciality,0,2,61.5
https://kawa-amann.pl/kategoria-produktu/kawy-ziarniste/speciality,Kawa speciality najwyższy poziom jakości i smaku,Kawa speciality – sklep z kawą ziarnistą najwyższej jakości,"Poznaj naszą ofertę kawy speciality – świeżo palonej, ziarnistej, single origin. Sklep online Amann to jakość, smak i ziarna z najlepszych palarni!",speciality coffee,0,15,72.5
https://kawa-amann.pl/kategoria-produktu/kawy-ziarniste/speciality,Kawa speciality najwyższy poziom jakości i smaku,Kawa speciality – sklep z kawą ziarnistą najwyższej jakości,"Poznaj naszą ofertę kawy speciality – świeżo palonej, ziarnistej, single origin. Sklep online Amann to jakość, smak i ziarna z najlepszych palarni!",speciality kawa,0,12,65.9
https://kawa-amann.pl/kategoria-produktu/kawy-ziarniste/speciality,Kawa speciality najwyższy poziom jakości i smaku,Kawa speciality – sklep z kawą ziarnistą najwyższej jakości,"Poznaj naszą ofertę kawy speciality – świeżo palonej, ziarnistej, single origin. Sklep online Amann to jakość, smak i ziarna z najlepszych palarni!",specialty coffee,0,6,83
https://kawa-amann.pl/kategoria-produktu/kawy-ziarniste/speciality,Kawa speciality najwyższy poziom jakości i smaku,Kawa speciality – sklep z kawą ziarnistą najwyższej jakości,"Poznaj naszą ofertę kawy speciality – świeżo palonej, ziarnistej, single origin. Sklep online Amann to jakość, smak i ziarna z najlepszych palarni!",specialty+coffee,0,1,72
https://kawa-amann.pl/kategoria-produktu/kawy-ziarniste/speciality,Kawa speciality najwyższy poziom jakości i smaku,Kawa speciality – sklep z kawą ziarnistą najwyższej jakości,"Poznaj naszą ofertę kawy speciality – świeżo palonej, ziarnistej, single origin. Sklep online Amann to jakość, smak i ziarna z najlepszych palarni!",wysokiej jakości kawy,0,25,46
https://kawa-amann.pl/kategoria-produktu/kawy-ziarniste/speciality,Kawa speciality najwyższy poziom jakości i smaku,Kawa speciality – sklep z kawą ziarnistą najwyższej jakości,"Poznaj naszą ofertę kawy speciality – świeżo palonej, ziarnistej, single origin. Sklep online Amann to jakość, smak i ziarna z najlepszych palarni!",zestaw kaw speciality,0,4,75.8
https://kawa-amann.pl/kategoria-produktu/prezent-dla-kawosza,Prezent dla kawosza kawa idealna na każdą okazję,Prezent dla kawosza – najlepsza ekskluzywna kawa na prezent,Szukasz idealnego prezentu dla kawosza? Postaw na aromatyczne kawy od Amann Kaffee. Eleganckie zestawy i doskonały smak zachwycą każdego miłośnika kawy.,,0,0,
https://kawa-amann.pl/kategoria-produktu/zamiennik-kapsulek-nespresso,Zamiennik kapsułek Nespresso doskonały smak w korzystnej cenie,Zamiennik kapsułek Nespresso – dobra i tania kawa od Amann Kaffee,Odkryj najlepszy zamiennik kapsułek Nespresso. Wybierz dobre i tanie zamienniki Nespresso w różnych smakach. Wysoka jakość i świeżo palona kawa od Amann Kaffee.,,0,0,
